X coordinate [m],Y coordinate [m],Z coordinate [m],Angle [radians]
1.1,1.25,8.4,3.14159
1.2,1.4,9,3.14159
1.3,1.55,9.6,3.14159
1.4,1.7,10.2,3.14159
1.5,1.85,10.8,3.14159
1.6,2,11.4,3.14159
1.7,2.15,12,3.14159
1.8,2.3,12.6,3.14159
1.9,2.45,13.2,3.14159
2,2.6,13.8,3.14159
2.1,2.75,14.4,3.14159
2.2,2.9,15,3.14159
2.3,3.05,15.6,3.14159
2.4,3.2,16.2,3.14159
2.5,3.35,16.8,3.14159
2.6,3.5,17.4,3.14159
2.7,3.65,18,3.14159
2.8,3.8,18.6,3.14159
2.9,3.95,19.2,3.14159
