Tipo de Movimiento,X [m],Y [m],Z [m],Rx [rad],Ry [rad],Rz [rad],Base [rad],Shoulder [rad],Elbow [rad],Wrist 1 [rad],Wrist 2 [rad],Wrist 3 [rad]
1,-0.5,-0.3,0.4,0,3.14159265358979,0,3.49371065412062,-0.0106125694394837,-1.42423417107339,-0.135949545249694,-1.57079637891439,5.06450691569856
